,DATE,WEEK,COUNTRY, TRUE_AMOUNT_GBP 
1238,30/08/2021,36,United Kingdom of Great Britain and Northern Ireland,532021.95
1082,28/08/2021,35,United Kingdom of Great Britain and Northern Ireland,514608.22000000003
924,26/08/2021,35,United Kingdom of Great Britain and Northern Ireland,499894.57
829,25/08/2021,35,United Kingdom of Great Britain and Northern Ireland,471340.94
460,20/08/2021,34,United Kingdom of Great Britain and Northern Ireland,468614.42
1006,27/08/2021,35,United Kingdom of Great Britain and Northern Ireland,458505.59
263,16/08/2021,34,United Kingdom of Great Britain and Northern Ireland,439637.43
155,13/08/2021,33,United Kingdom of Great Britain and Northern Ireland,438149.79
1163,29/08/2021,36,United Kingdom of Great Britain and Northern Ireland,427855.85
697,23/08/2021,35,United Kingdom of Great Britain and Northern Ireland,424576.25
384,19/08/2021,34,United Kingdom of Great Britain and Northern Ireland,414902.28
114,10/08/2021,33,United Kingdom of Great Britain and Northern Ireland,405291.99
90,08/08/2021,33,United Kingdom of Great Britain and Northern Ireland,403958.51
534,21/08/2021,34,United Kingdom of Great Britain and Northern Ireland,391991.85
220,15/08/2021,34,United Kingdom of Great Britain and Northern Ireland,389991.11
615,22/08/2021,35,United Kingdom of Great Britain and Northern Ireland,385148.36
139,12/08/2021,33,United Kingdom of Great Britain and Northern Ireland,377495.99
302,18/08/2021,34,United Kingdom of Great Britain and Northern Ireland,373476.91
170,14/08/2021,33,United Kingdom of Great Britain and Northern Ireland,368825.4
763,24/08/2021,35,United Kingdom of Great Britain and Northern Ireland,368674.41
1294,31/08/2021,36,United Kingdom of Great Britain and Northern Ireland,366883.54
103,09/08/2021,33,United Kingdom of Great Britain and Northern Ireland,360309.71
127,11/08/2021,33,United Kingdom of Great Britain and Northern Ireland,356219.4
10,01/08/2021,32,United Kingdom of Great Britain and Northern Ireland,346267.33
66,06/08/2021,32,United Kingdom of Great Britain and Northern Ireland,340333.8
284,17/08/2021,34,United Kingdom of Great Britain and Northern Ireland,331683.15
19,02/08/2021,32,United Kingdom of Great Britain and Northern Ireland,310208.41
54,05/08/2021,32,United Kingdom of Great Britain and Northern Ireland,308103.31
41,04/08/2021,32,United Kingdom of Great Britain and Northern Ireland,274526.12
76,07/08/2021,32,United Kingdom of Great Britain and Northern Ireland,231128.53
29,03/08/2021,32,United Kingdom of Great Britain and Northern Ireland,206919.56
925,26/08/2021,35,United States of America,138103.06
1007,27/08/2021,35,United States of America,113037.22
1044,28/08/2021,35,Ireland,110369.25
698,23/08/2021,35,United States of America,101364.29000000001
616,22/08/2021,35,United States of America,99463.79000000001
1239,30/08/2021,36,United States of America,97439.65000000001
385,19/08/2021,34,United States of America,92618.55
965,27/08/2021,35,Ireland,92031.97
535,21/08/2021,34,United States of America,86374.32
876,26/08/2021,35,Ireland,84518.92
1197,30/08/2021,36,Ireland,79995.01
171,14/08/2021,33,United States of America,78768.83
1083,28/08/2021,35,United States of America,78626.3
1164,29/08/2021,36,United States of America,77711.79000000001
419,20/08/2021,34,Ireland,73923.95
140,12/08/2021,33,United States of America,71602.87
764,24/08/2021,35,United States of America,70139.54
1124,29/08/2021,36,Ireland,69617.14
115,10/08/2021,33,United States of America,67550.45
461,20/08/2021,34,United States of America,67081.76
221,15/08/2021,34,United States of America,63995.11
104,09/08/2021,33,United States of America,63916.07
156,13/08/2021,33,United States of America,63264.11
574,22/08/2021,35,Ireland,63210.67
20,02/08/2021,32,United States of America,62342.56
161,14/08/2021,33,Ireland,61751.81
830,25/08/2021,35,United States of America,60886.43
11,01/08/2021,32,United States of America,60541.29
67,06/08/2021,32,United States of America,59742.81
91,08/08/2021,33,United States of America,59653.55
1266,31/08/2021,36,Ireland,58063.9
657,23/08/2021,35,Ireland,56369.54
792,25/08/2021,35,Ireland,54522.17
497,21/08/2021,34,Ireland,52992.71
55,05/08/2021,32,United States of America,49768.36
1295,31/08/2021,36,United States of America,48399.24
342,19/08/2021,34,Ireland,47191.39
192,15/08/2021,34,Ireland,45713.37
730,24/08/2021,35,Ireland,44351.88
264,16/08/2021,34,United States of America,40312.38
1187,30/08/2021,36,Germany,40098.03
77,07/08/2021,32,United States of America,38499.2
145,13/08/2021,33,Ireland,37844.72
128,11/08/2021,33,United States of America,37010.02
30,03/08/2021,32,United States of America,36378.04
42,04/08/2021,32,United States of America,35998.09
1116,29/08/2021,36,Germany,34133.67
239,16/08/2021,34,Ireland,31442.35
1031,28/08/2021,35,Germany,31046.85
133,12/08/2021,33,Ireland,31013.98
96,09/08/2021,33,Ireland,30068.18
1262,31/08/2021,36,Germany,29227.019999999997
120,11/08/2021,33,Ireland,28215.62
293,18/08/2021,34,Ireland,26814.81
1,01/08/2021,32,Ireland,26787.57
61,06/08/2021,32,Ireland,26168.88
70,07/08/2021,32,Ireland,24391.35
303,18/08/2021,34,United States of America,23659.39
108,10/08/2021,33,Ireland,23630.41
276,17/08/2021,34,Ireland,23321.27
285,17/08/2021,34,United States of America,22759.77
81,08/08/2021,33,Ireland,20453.04
46,05/08/2021,32,Ireland,19957.48
957,27/08/2021,35,Germany,19234.28
14,02/08/2021,32,Ireland,18107.69
785,25/08/2021,35,Germany,17785.93
23,03/08/2021,32,Ireland,16925.56
1169,30/08/2021,36,Australia,16894.96
933,27/08/2021,35,Australia,16312.07
867,26/08/2021,35,Germany,16208.769999999999
308,19/08/2021,34,Australia,15632.3
35,04/08/2021,32,Ireland,14676.92
626,23/08/2021,35,Australia,13977.07
470,21/08/2021,34,Australia,13767.0
836,26/08/2021,35,Australia,13734.0
541,22/08/2021,35,Australia,13571.05
848,26/08/2021,35,Canada,12327.16
287,18/08/2021,34,Australia,11543.869999999999
1289,31/08/2021,36,Sweden,11351.41
758,24/08/2021,35,Sweden,10916.94
1090,29/08/2021,36,Australia,9912.12
549,22/08/2021,35,Canada,9867.78
865,26/08/2021,35,France,9374.33
1232,30/08/2021,36,Sweden,9132.68
690,23/08/2021,35,Sweden,8975.800000000001
391,20/08/2021,34,Australia,8801.46
97,09/08/2021,33,Mexico,8741.119999999999
105,10/08/2021,33,Australia,8441.6
141,13/08/2021,33,Australia,8337.27
92,09/08/2021,33,Australia,8166.570000000001
78,08/08/2021,33,Australia,8134.5199999999995
631,23/08/2021,35,Canada,8104.92
1014,28/08/2021,35,Australia,8085.15
43,05/08/2021,32,Australia,8009.39
129,12/08/2021,33,Australia,7952.32
1001,27/08/2021,35,Sweden,7937.490000000001
609,22/08/2021,35,Sweden,7888.4800000000005
901,26/08/2021,35,Norway,7829.79
775,25/08/2021,35,Canada,7790.27
918,26/08/2021,35,Sweden,7774.820000000001
477,21/08/2021,34,Canada,7645.39
1158,29/08/2021,36,Sweden,7628.68
891,26/08/2021,35,Mexico,7359.27
1076,28/08/2021,35,Sweden,7334.67
12,02/08/2021,32,Australia,7281.45
823,25/08/2021,35,Sweden,7245.990000000001
944,27/08/2021,35,Canada,7018.38
158,14/08/2021,33,Brazil,6669.719999999999
317,19/08/2021,34,Canada,6424.83
291,18/08/2021,34,Germany,6396.79
360,19/08/2021,34,Norway,6251.65
648,23/08/2021,35,Germany,6248.82
157,14/08/2021,33,Australia,6074.74
1103,29/08/2021,36,Canada,5941.91
1019,28/08/2021,35,Canada,5861.1
672,23/08/2021,35,Norway,5812.17
1135,29/08/2021,36,Mexico,5747.88
1244,31/08/2021,36,Australia,5622.38
354,19/08/2021,34,Mexico,5552.34
334,19/08/2021,34,France,5387.070000000001
368,19/08/2021,34,Portugal,5323.58
1142,29/08/2021,36,Norway,5301.48
527,21/08/2021,34,Sweden,5276.610000000001
455,20/08/2021,34,Sweden,5257.3
956,27/08/2021,35,France,5220.01
68,07/08/2021,32,Australia,5199.58
398,20/08/2021,34,Canada,5110.04
769,25/08/2021,35,Australia,4982.09
1209,30/08/2021,36,Mexico,4928.04
190,15/08/2021,34,Germany,4874.9
984,27/08/2021,35,Norway,4822.78
335,19/08/2021,34,Germany,4808.36
721,24/08/2021,35,Germany,4750.17
378,19/08/2021,34,Sweden,4747.76
257,16/08/2021,34,Spain,4691.37
646,23/08/2021,35,France,4637.04
592,22/08/2021,35,Norway,4532.29
295,18/08/2021,34,Mexico,4449.290000000001
564,22/08/2021,35,France,4398.92
1175,30/08/2021,36,Canada,4374.22
1282,31/08/2021,36,Poland,4288.63
282,17/08/2021,34,Sweden,4225.05
21,03/08/2021,32,Australia,4134.16
800,25/08/2021,35,Mexico,4069.4300000000003
917,26/08/2021,35,Spain,4012.86
116,11/08/2021,33,Australia,3914.51
1059,28/08/2021,35,Norway,3909.91
173,15/08/2021,34,Australia,3724.84
56,06/08/2021,32,Australia,3650.6400000000003
17,02/08/2021,32,Slovakia,3548.78
1216,30/08/2021,36,Norway,3501.66
489,21/08/2021,34,Germany,3475.9
411,20/08/2021,34,France,3449.4100000000003
709,24/08/2021,35,Canada,3441.12
412,20/08/2021,34,Germany,3398.89
0,01/08/2021,32,Australia,3378.19
703,24/08/2021,35,Australia,3361.11
149,13/08/2021,33,Oman,3311.3500000000004
512,21/08/2021,34,Norway,3307.88
237,16/08/2021,34,France,3304.7200000000003
488,21/08/2021,34,France,3265.85
565,22/08/2021,35,Germany,3231.84
897,26/08/2021,35,New Zealand,3216.08
977,27/08/2021,35,Mexico,3183.88
300,18/08/2021,34,Sweden,3149.56
160,14/08/2021,33,Germany,3148.44
1250,31/08/2021,36,Canada,3127.77
125,11/08/2021,33,Ukraine,3061.43
688,23/08/2021,35,Spain,3059.6600000000003
438,20/08/2021,34,Norway,2980.34
878,26/08/2021,35,Italy,2887.42
246,16/08/2021,34,Mexico,2830.34
164,14/08/2021,33,Mexico,2828.18
8,01/08/2021,32,Turkey,2737.9
1115,29/08/2021,36,France,2729.19
854,26/08/2021,35,Costa Rica,2718.71
590,22/08/2021,35,New Zealand,2701.87
1121,29/08/2021,36,India,2645.6
272,17/08/2021,34,El Salvador,2629.36
258,16/08/2021,34,Sweden,2525.83
138,12/08/2021,33,Ukraine,2522.4300000000003
31,04/08/2021,32,Australia,2501.06
607,22/08/2021,35,Spain,2479.71
519,21/08/2021,34,Portugal,2471.12
204,15/08/2021,34,Norway,2437.12
1185,30/08/2021,36,France,2416.9500000000003
850,26/08/2021,35,Chile,2393.03
298,18/08/2021,34,Poland,2384.4500000000003
576,22/08/2021,35,Italy,2351.84
152,13/08/2021,33,Slovakia,2209.89
667,23/08/2021,35,Mexico,2145.21
596,22/08/2021,35,Poland,2120.54
134,12/08/2021,33,Mexico,2087.79
678,23/08/2021,35,Poland,2083.9
377,19/08/2021,34,Spain,2076.4900000000002
62,06/08/2021,32,Mexico,2074.99
274,17/08/2021,34,Germany,2073.37
670,23/08/2021,35,New Zealand,2072.94
367,19/08/2021,34,Poland,2070.06
39,04/08/2021,32,Ukraine,2062.9
995,27/08/2021,35,Saudi Arabia,2041.72
1279,31/08/2021,36,Norway,2038.23
531,21/08/2021,34,Turkey,2007.51
1054,28/08/2021,35,Mexico,2002.8500000000001
344,19/08/2021,34,Italy,2001.68
215,15/08/2021,34,Sweden,1998.23
921,26/08/2021,35,Turkey,1995.81
218,15/08/2021,34,Ukraine,1990.65
86,08/08/2021,33,South Africa,1985.95
816,25/08/2021,35,Russian Federation,1973.15
1030,28/08/2021,35,France,1958.3700000000001
34,04/08/2021,32,Germany,1956.26
154,13/08/2021,33,Ukraine,1955.21
49,05/08/2021,32,Norway,1926.92
659,23/08/2021,35,Italy,1913.9
238,16/08/2021,34,Germany,1877.43
550,22/08/2021,35,Chile,1854.02
756,24/08/2021,35,Spain,1850.6200000000001
109,10/08/2021,33,Oman,1806.95
33,04/08/2021,32,France,1796.19
913,26/08/2021,35,Saudi Arabia,1794.38
720,24/08/2021,35,France,1766.81
744,24/08/2021,35,Norway,1766.39
694,23/08/2021,35,Turkey,1763.6100000000001
292,18/08/2021,34,Greece,1748.33
612,22/08/2021,35,Turkey,1745.88
874,26/08/2021,35,India,1740.87
71,07/08/2021,32,Mexico,1738.87
357,19/08/2021,34,New Zealand,1734.22
178,15/08/2021,34,Canada,1733.95
967,27/08/2021,35,Italy,1710.19
821,25/08/2021,35,Spain,1698.03
588,22/08/2021,35,Mexico,1697.3700000000001
806,25/08/2021,35,Norway,1679.33
526,21/08/2021,34,Spain,1675.1200000000001
760,24/08/2021,35,Turkey,1663.48
225,16/08/2021,34,Australia,1658.04
374,19/08/2021,34,Slovakia,1653.72
518,21/08/2021,34,Poland,1644.34
5,01/08/2021,32,Russian Federation,1644.13
478,21/08/2021,34,Chile,1642.42
907,26/08/2021,35,Poland,1640.54
1126,29/08/2021,36,Italy,1638.8600000000001
72,07/08/2021,32,Norway,1614.06
2,01/08/2021,32,Mexico,1605.15
508,21/08/2021,34,Mexico,1576.62
1000,27/08/2021,35,Spain,1569.17
168,14/08/2021,33,Turkey,1566.89
167,14/08/2021,33,Sweden,1557.0
435,20/08/2021,34,New Zealand,1556.33
1139,29/08/2021,36,New Zealand,1555.3
817,25/08/2021,35,Saudi Arabia,1554.52
1230,30/08/2021,36,Spain,1509.28
499,21/08/2021,34,Italy,1500.64
981,27/08/2021,35,New Zealand,1480.33
113,10/08/2021,33,Ukraine,1472.18
99,09/08/2021,33,Romania,1439.7
28,03/08/2021,32,Ukraine,1435.77
433,20/08/2021,34,Mexico,1400.67
613,22/08/2021,35,Ukraine,1377.7
1057,28/08/2021,35,New Zealand,1371.21
443,20/08/2021,34,Poland,1367.3899999999999
88,08/08/2021,33,Ukraine,1364.29
1022,28/08/2021,35,Costa Rica,1355.58
826,25/08/2021,35,Turkey,1346.04
684,23/08/2021,35,Saudi Arabia,1337.79
341,19/08/2021,34,India,1335.49
1075,28/08/2021,35,Spain,1329.82
658,23/08/2021,35,Israel,1318.9
79,08/08/2021,33,France,1309.59
36,04/08/2021,32,Panama,1302.66
776,25/08/2021,35,Chile,1284.33
169,14/08/2021,33,Ukraine,1273.5
654,23/08/2021,35,India,1260.99
266,17/08/2021,34,Australia,1254.47
1152,29/08/2021,36,Saudi Arabia,1252.94
379,19/08/2021,34,Switzerland,1252.26
630,23/08/2021,35,Brazil,1244.01
40,04/08/2021,32,United Arab Emirates,1235.03
990,27/08/2021,35,Poland,1230.81
48,05/08/2021,32,Mexico,1209.54
1156,29/08/2021,36,Spain,1202.38
632,23/08/2021,35,Chile,1201.67
95,09/08/2021,33,Germany,1188.17
1199,30/08/2021,36,Italy,1182.95
1226,30/08/2021,36,Saudi Arabia,1177.19
1213,30/08/2021,36,New Zealand,1173.8600000000001
919,26/08/2021,35,Switzerland,1171.09
1176,30/08/2021,36,Chile,1163.3100000000002
1148,29/08/2021,36,Portugal,1156.3300000000002
189,15/08/2021,34,France,1145.17
119,11/08/2021,33,Hong Kong,1144.12
89,08/08/2021,33,United Arab Emirates,1142.21
784,25/08/2021,35,France,1130.39
22,03/08/2021,32,Germany,1109.18
144,13/08/2021,33,Germany,1080.36
361,19/08/2021,34,Oman,1047.4
922,26/08/2021,35,Ukraine,1024.6
454,20/08/2021,34,Spain,1019.22
945,27/08/2021,35,Chile,1016.75
319,19/08/2021,34,Chile,1012.99
803,25/08/2021,35,New Zealand,993.9
59,06/08/2021,32,China,990.63
1285,31/08/2021,36,Saudi Arabia,989.2800000000001
100,09/08/2021,33,Russian Federation,988.3
150,13/08/2021,33,Panama,977.99
421,20/08/2021,34,Italy,968.76
301,18/08/2021,34,Ukraine,963.8599999999999
752,24/08/2021,35,Saudi Arabia,925.4
75,07/08/2021,32,Ukraine,907.62
9,01/08/2021,32,Ukraine,906.98
69,07/08/2021,32,Dominican Republic,903.79
742,24/08/2021,35,New Zealand,894.9300000000001
511,21/08/2021,34,New Zealand,894.2
53,05/08/2021,32,United Arab Emirates,891.0
991,27/08/2021,35,Portugal,890.94
834,26/08/2021,35,Argentina,867.5
748,24/08/2021,35,Poland,865.08
844,26/08/2021,35,Brazil,861.27
294,18/08/2021,34,Kuwait,847.19
610,22/08/2021,35,Switzerland,845.77
691,23/08/2021,35,Switzerland,839.71
118,11/08/2021,33,France,808.75
602,22/08/2021,35,Saudi Arabia,805.47
52,05/08/2021,32,Ukraine,793.51
1281,31/08/2021,36,Peru,793.3
372,19/08/2021,34,Saudi Arabia,792.09
228,16/08/2021,34,Canada,789.0600000000001
32,04/08/2021,32,Canada,787.0
383,19/08/2021,34,United Arab Emirates,776.77
107,10/08/2021,33,France,766.06
923,26/08/2021,35,United Arab Emirates,766.03
153,13/08/2021,33,Sweden,764.6700000000001
201,15/08/2021,34,Mexico,759.96
399,20/08/2021,34,Chile,747.88
456,20/08/2021,34,Switzerland,744.99
227,16/08/2021,34,Brazil,736.79
711,24/08/2021,35,Colombia,725.61
1099,29/08/2021,36,Brazil,720.15
4,01/08/2021,32,Romania,703.42
877,26/08/2021,35,Israel,698.8900000000001
528,21/08/2021,34,Switzerland,695.35
739,24/08/2021,35,Mexico,695.0600000000001
1104,29/08/2021,36,Chile,682.52
779,25/08/2021,35,Czechia,681.4399999999999
194,15/08/2021,34,Italy,675.96
1002,27/08/2021,35,Switzerland,674.5600000000001
707,24/08/2021,35,Brazil,673.3
516,21/08/2021,34,Peru,652.82
909,26/08/2021,35,Puerto Rico,646.88
677,23/08/2021,35,Peru,643.9200000000001
1066,28/08/2021,35,Poland,640.81
523,21/08/2021,34,Saudi Arabia,635.0
1221,30/08/2021,36,Poland,633.02
940,27/08/2021,35,Brazil,628.37
597,22/08/2021,35,Portugal,625.68
813,25/08/2021,35,Poland,625.35
449,20/08/2021,34,Saudi Arabia,619.0400000000001
459,20/08/2021,34,United Arab Emirates,618.6700000000001
614,22/08/2021,35,United Arab Emirates,613.8000000000001
732,24/08/2021,35,Italy,611.39
649,23/08/2021,35,Greece,609.7900000000001
131,12/08/2021,33,Hong Kong,605.49
24,03/08/2021,32,Mexico,602.96
794,25/08/2021,35,Italy,599.39
710,24/08/2021,35,Chile,595.86
1080,28/08/2021,35,Ukraine,592.8
142,13/08/2021,33,Canada,590.06
963,27/08/2021,35,India,588.97
1147,29/08/2021,36,Poland,585.29
989,27/08/2021,35,Peru,581.5300000000001
916,26/08/2021,35,South Africa,579.3000000000001
117,11/08/2021,33,Canada,572.06
122,11/08/2021,33,Russian Federation,572.06
123,11/08/2021,33,Saudi Arabia,572.06
1003,27/08/2021,35,Turkey,569.89
767,25/08/2021,35,Argentina,569.6600000000001
1004,27/08/2021,35,Ukraine,569.61
696,23/08/2021,35,United Arab Emirates,566.69
1167,30/08/2021,36,Argentina,563.73
1277,31/08/2021,36,New Zealand,561.67
559,22/08/2021,35,Ecuador,551.83
664,23/08/2021,35,Kuwait,550.35
571,22/08/2021,35,India,548.85
552,22/08/2021,35,Colombia,542.7
852,26/08/2021,35,Colombia,539.9300000000001
931,27/08/2021,35,Argentina,539.22
1273,31/08/2021,36,Mexico,539.22
314,19/08/2021,34,Brazil,536.46
1094,29/08/2021,36,Belgium,530.09
1292,31/08/2021,36,Ukraine,519.85
1161,29/08/2021,36,Ukraine,519.85
1236,30/08/2021,36,Ukraine,519.85
827,25/08/2021,35,Ukraine,519.85
143,13/08/2021,33,Dominican Republic,509.33
1046,28/08/2021,35,Italy,505.55
206,15/08/2021,34,Poland,503.89
65,06/08/2021,32,Ukraine,501.90999999999997
265,16/08/2021,34,Venezuela (Bolivarian Republic of),499.82
1219,30/08/2021,36,Peru,495.38
1087,29/08/2021,36,Argentina,488.67
269,17/08/2021,34,Canada,485.83
82,08/08/2021,33,Mexico,478.84
687,23/08/2021,35,South Africa,477.56000000000006
214,15/08/2021,34,Spain,475.59000000000003
136,12/08/2021,33,South Africa,475.53
864,26/08/2021,35,Finland,472.42
381,19/08/2021,34,Turkey,466.09000000000003
885,26/08/2021,35,Lebanon,462.7
882,26/08/2021,35,"Korea, Republic of",460.84000000000003
633,23/08/2021,35,Colombia,456.75
777,25/08/2021,35,Colombia,454.64
1162,29/08/2021,36,United Arab Emirates,450.90000000000003
376,19/08/2021,34,South Africa,447.1
1020,28/08/2021,35,Chile,444.35
869,26/08/2021,35,Guatemala,444.14000000000004
249,16/08/2021,34,Norway,441.28999999999996
883,26/08/2021,35,Kuwait,433.0
1195,30/08/2021,36,India,429.28000000000003
396,20/08/2021,34,Brazil,429.05
1288,31/08/2021,36,Spain,428.28
1270,31/08/2021,36,Lebanon,421.95
1042,28/08/2021,35,India,419.92
759,24/08/2021,35,Switzerland,418.29
905,26/08/2021,35,Peru,414.42
44,05/08/2021,32,Brazil,413.84
946,27/08/2021,35,Colombia,409.21000000000004
57,06/08/2021,32,Botswana,409.0
311,19/08/2021,34,Belgium,403.57
947,27/08/2021,35,Costa Rica,402.55
60,06/08/2021,32,Germany,398.4
15,02/08/2021,32,Oman,398.0
393,20/08/2021,34,Belgium,396.68
476,21/08/2021,34,Brazil,394.99
102,09/08/2021,33,Ukraine,394.34
773,25/08/2021,35,Brazil,392.16
547,22/08/2021,35,Brazil,392.16
841,26/08/2021,35,Belgium,385.46000000000004
747,24/08/2021,35,Peru,381.74
1261,31/08/2021,36,France,375.4
1074,28/08/2021,35,South Africa,374.36
1072,28/08/2021,35,Saudi Arabia,369.87
151,13/08/2021,33,Poland,365.48
1160,29/08/2021,36,Turkey,361.24
1233,30/08/2021,36,Switzerland,357.7
581,22/08/2021,35,"Korea, Republic of",357.23
971,27/08/2021,35,"Korea, Republic of",353.90000000000003
520,21/08/2021,34,Puerto Rico,353.53000000000003
1077,28/08/2021,35,Switzerland,351.55
1171,30/08/2021,36,Belgium,350.40000000000003
973,27/08/2021,35,Lebanon,349.8
594,22/08/2021,35,Peru,349.06
811,25/08/2021,35,Peru,345.36
502,21/08/2021,34,"Korea, Republic of",344.62
706,24/08/2021,35,Bolivia (Plurinational State of),343.14000000000004
1129,29/08/2021,36,"Korea, Republic of",338.67
598,22/08/2021,35,Puerto Rico,337.93
617,22/08/2021,35,Uruguay,335.7
137,12/08/2021,33,Sweden,334.79
321,19/08/2021,34,Colombia,333.46000000000004
203,15/08/2021,34,New Zealand,332.91
695,23/08/2021,35,Ukraine,329.32
1016,28/08/2021,35,Belgium,329.18
1146,29/08/2021,36,Peru,327.51
761,24/08/2021,35,Ukraine,322.92
1021,28/08/2021,35,Colombia,319.37
650,23/08/2021,35,Guatemala,319.34
937,27/08/2021,35,Belgium,314.97
966,27/08/2021,35,Israel,314.90000000000003
343,19/08/2021,34,Israel,314.26
716,24/08/2021,35,Ecuador,312.68
533,21/08/2021,34,United Arab Emirates,311.19
1027,28/08/2021,35,Ecuador,307.79
1005,27/08/2021,35,United Arab Emirates,306.73
370,19/08/2021,34,Qatar,306.73
132,12/08/2021,33,India,306.0
972,27/08/2021,35,Kuwait,305.99
575,22/08/2021,35,Israel,304.51
242,16/08/2021,34,Japan,302.71
329,19/08/2021,34,Ecuador,300.04
606,22/08/2021,35,South Africa,298.56
1252,31/08/2021,36,Chile,298.38
180,15/08/2021,34,Chile,297.32
450,20/08/2021,34,Singapore,295.6
498,21/08/2021,34,Israel,294.85
868,26/08/2021,35,Greece,293.82
457,20/08/2021,34,Turkey,293.16
425,20/08/2021,34,"Korea, Republic of",291.87
363,19/08/2021,34,Panama,291.13
448,20/08/2021,34,Russian Federation,289.96
1177,30/08/2021,36,Colombia,289.65000000000003
545,22/08/2021,35,Belgium,288.87
539,22/08/2021,35,Argentina,285.18
280,17/08/2021,34,Poland,284.56
781,25/08/2021,35,Ecuador,282.22
860,26/08/2021,35,Dominican Republic,281.48
1149,29/08/2021,36,Puerto Rico,281.48
641,23/08/2021,35,Dominican Republic,280.74
420,20/08/2021,34,Israel,280.0
1183,30/08/2021,36,Egypt,276.72
791,25/08/2021,35,India,276.02000000000004
532,21/08/2021,34,Ukraine,273.9
458,20/08/2021,34,Ukraine,273.9
992,27/08/2021,35,Puerto Rico,271.09000000000003
479,21/08/2021,34,Colombia,271.08000000000004
582,22/08/2021,35,Kuwait,270.35
369,19/08/2021,34,Puerto Rico,269.61
402,20/08/2021,34,Costa Rica,269.61
111,10/08/2021,33,Spain,266.38
130,12/08/2021,33,Germany,262.95
124,11/08/2021,33,Slovakia,257.76
1178,30/08/2021,36,Costa Rica,257.71000000000004
347,19/08/2021,34,"Korea, Republic of",256.97
831,25/08/2021,35,Uruguay,256.23
365,19/08/2021,34,Peru,256.23
418,20/08/2021,34,India,249.48000000000002
915,26/08/2021,35,Singapore,248.06
663,23/08/2021,35,"Korea, Republic of",247.69000000000003
371,19/08/2021,34,Russian Federation,246.95
126,11/08/2021,33,United Arab Emirates,246.5
717,24/08/2021,35,Egypt,245.10000000000002
553,22/08/2021,35,Costa Rica,245.10000000000002
669,23/08/2021,35,Netherlands,244.44
1105,29/08/2021,36,Colombia,242.11
283,17/08/2021,34,Ukraine,241.89999999999998
686,23/08/2021,35,Singapore,238.05
261,16/08/2021,34,Ukraine,235.37
861,26/08/2021,35,Ecuador,233.20000000000002
159,14/08/2021,33,Canada,232.99
1159,29/08/2021,36,Switzerland,232.62
441,20/08/2021,34,Peru,232.46
1064,28/08/2021,35,Peru,232.46
1204,30/08/2021,36,Kuwait,231.72000000000003
392,20/08/2021,34,Austria,231.0
665,23/08/2021,35,Lebanon,230.98000000000002
642,23/08/2021,35,Ecuador,230.97
219,15/08/2021,34,United Arab Emirates,230.24
382,19/08/2021,34,Ukraine,229.66
174,15/08/2021,34,Belgium,229.42000000000002
309,19/08/2021,34,Austria,226.74
680,23/08/2021,35,Puerto Rico,223.55
1265,31/08/2021,36,India,222.07000000000002
634,23/08/2021,35,Costa Rica,221.33
999,27/08/2021,35,South Africa,221.33
702,24/08/2021,35,Argentina,221.33
1111,29/08/2021,36,Dominican Republic,220.59
856,26/08/2021,35,Cyprus,219.19
148,13/08/2021,33,Mexico,218.63
1223,30/08/2021,36,Puerto Rico,213.89
525,21/08/2021,34,South Africa,210.93
387,19/08/2021,34,Virgin Islands (U.S.),209.43
297,18/08/2021,34,Norway,208.93
1068,28/08/2021,35,Puerto Rico,207.21
1013,28/08/2021,35,Argentina,207.21
251,16/08/2021,34,Poland,205.57
719,24/08/2021,35,Finland,202.71
796,25/08/2021,35,"Korea, Republic of",201.99
216,15/08/2021,34,Switzerland,201.70000000000002
812,25/08/2021,35,Philippines,198.3
903,26/08/2021,35,Panama,198.3
765,24/08/2021,35,Uruguay,197.56
699,23/08/2021,35,Uruguay,197.14000000000001
1118,29/08/2021,36,Guatemala,196.82000000000002
593,22/08/2021,35,Panama,196.82000000000002
339,19/08/2021,34,Hungary,196.63
603,22/08/2021,35,Serbia,196.08
468,21/08/2021,34,Argentina,196.08
628,23/08/2021,35,Bahamas,196.08
1275,31/08/2021,36,Morocco,196.08
959,27/08/2021,35,Guatemala,194.59
515,21/08/2021,34,Paraguay,194.58
624,23/08/2021,35,Argentina,193.83
926,26/08/2021,35,Uruguay,193.10000000000002
1018,28/08/2021,35,Brazil,192.75
93,09/08/2021,33,Brazil,190.95999999999998
1200,30/08/2021,36,Japan,186.42000000000002
210,15/08/2021,34,Russian Federation,186.29000000000002
1045,28/08/2021,35,Israel,184.18
898,26/08/2021,35,Nicaragua,182.70000000000002
289,18/08/2021,34,Chile,180.48000000000002
279,17/08/2021,34,Norway,179.07999999999998
1174,30/08/2021,36,Brazil,178.13
480,21/08/2021,34,Costa Rica,177.98000000000002
373,19/08/2021,34,Singapore,177.83
1235,30/08/2021,36,Turkey,176.47
1237,30/08/2021,36,United Arab Emirates,175.27
629,23/08/2021,35,Belgium,174.73000000000002
445,20/08/2021,34,Puerto Rico,173.05
920,26/08/2021,35,Trinidad and Tobago,173.05
453,20/08/2021,34,South Africa,172.31
1243,31/08/2021,36,Argentina,172.31
483,21/08/2021,34,Dominican Republic,172.31
1050,28/08/2021,35,Kuwait,172.3
938,27/08/2021,35,Bolivia (Plurinational State of),171.57000000000002
584,22/08/2021,35,Lebanon,171.57
1206,30/08/2021,36,Luxembourg,171.31
953,27/08/2021,35,Ecuador,167.1
1035,28/08/2021,35,Guatemala,167.1
1231,30/08/2021,36,Sri Lanka,166.36
444,20/08/2021,34,Portugal,166.26
241,16/08/2021,34,Italy,166.26
356,19/08/2021,34,Netherlands,165.49
601,22/08/2021,35,Russian Federation,162.74
961,27/08/2021,35,Hungary,160.72
1229,30/08/2021,36,South Africa,159.67000000000002
495,21/08/2021,34,India,158.93
296,18/08/2021,34,New Zealand,158.6
404,20/08/2021,34,Czechia,157.51
1081,28/08/2021,35,United Arab Emirates,157.45
952,27/08/2021,35,Dominican Republic,156.71
1132,29/08/2021,36,Lebanon,156.71
278,17/08/2021,34,New Zealand,155.48
645,23/08/2021,35,Finland,155.05
712,24/08/2021,35,Costa Rica,153.46
332,19/08/2021,34,Estonia,152.06
837,26/08/2021,35,Austria,151.99
835,26/08/2021,35,Aruba,151.74
471,21/08/2021,34,Austria,151.16
762,24/08/2021,35,United Arab Emirates,151.09
484,21/08/2021,34,Ecuador,150.76000000000002
473,21/08/2021,34,Belarus,150.63
1055,28/08/2021,35,Morocco,149.46
270,17/08/2021,34,Chile,149.29000000000002
328,19/08/2021,34,Dominican Republic,148.54000000000002
431,20/08/2021,34,Malaysia,148.54000000000002
675,23/08/2021,35,Panama,148.54
322,19/08/2021,34,Costa Rica,147.8
1247,31/08/2021,36,Barbados,147.8
1203,30/08/2021,36,"Korea, Republic of",147.8
560,22/08/2021,35,Egypt,147.06
304,18/08/2021,34,Uruguay,147.06
1166,29/08/2021,36,Venezuela (Bolivarian Republic of),147.06
524,21/08/2021,34,Singapore,147.06
994,27/08/2021,35,Russian Federation,147.06
722,24/08/2021,35,Ghana,147.06
591,22/08/2021,35,Nigeria,147.05
288,18/08/2021,34,Canada,145.64
908,26/08/2021,35,Portugal,144.75
389,20/08/2021,34,Argentina,143.32999999999998
166,14/08/2021,33,Poland,142.44
636,23/08/2021,35,Cyprus,142.42000000000002
542,22/08/2021,35,Austria,141.91
1106,29/08/2021,36,Costa Rica,141.85
353,19/08/2021,34,Malta,141.08
1125,29/08/2021,36,Israel,139.73000000000002
1071,28/08/2021,35,Russian Federation,138.35
902,26/08/2021,35,Pakistan,138.14000000000001
863,26/08/2021,35,El Salvador,138.14000000000001
254,16/08/2021,34,Russian Federation,137.27
401,20/08/2021,34,Colombia,133.68
1253,31/08/2021,36,Colombia,133.68
474,21/08/2021,34,Belgium,133.53
986,27/08/2021,35,"Palestine, State of",133.0
808,25/08/2021,35,Pakistan,132.94
599,22/08/2021,35,Qatar,132.94
522,21/08/2021,34,Russian Federation,132.94
1015,28/08/2021,35,Austria,132.68
872,26/08/2021,35,Hungary,132.54
980,27/08/2021,35,Netherlands,132.22
446,20/08/2021,34,Qatar,132.20000000000002
208,15/08/2021,34,Puerto Rico,132.2
182,15/08/2021,34,Colombia,132.2
333,19/08/2021,34,Finland,130.53
725,24/08/2021,35,Honduras,130.39000000000001
326,19/08/2021,34,Czechia,128.96
955,27/08/2021,35,Finland,128.96
557,22/08/2021,35,Czechia,128.96
327,19/08/2021,34,Denmark,128.3
469,21/08/2021,34,Aruba,126.49000000000001
1293,31/08/2021,36,United Arab Emirates,125.51000000000002
1170,30/08/2021,36,Austria,125.12
196,15/08/2021,34,"Korea, Republic of",124.78
1079,28/08/2021,35,Turkey,124.38
754,24/08/2021,35,Slovenia,124.3
1133,29/08/2021,36,Luxembourg,123.45
1123,29/08/2021,36,Iraq,123.29
911,26/08/2021,35,Russian Federation,123.29
579,22/08/2021,35,Jordan,123.29
875,26/08/2021,35,Iraq,123.29
1181,30/08/2021,36,Dominican Republic,123.29
974,27/08/2021,35,Luxembourg,122.61000000000001
563,22/08/2021,35,Finland,122.55000000000001
964,27/08/2021,35,Iraq,122.55000000000001
440,20/08/2021,34,Panama,122.55000000000001
838,26/08/2021,35,Bahamas,122.55000000000001
1110,29/08/2021,36,Denmark,122.50999999999999
1051,28/08/2021,35,Luxembourg,121.77000000000001
627,23/08/2021,35,Austria,121.76
355,19/08/2021,34,Morocco,120.24000000000001
689,23/08/2021,35,Sri Lanka,118.82
1190,30/08/2021,36,Guatemala,117.34
1267,31/08/2021,36,Israel,114.38
934,27/08/2021,35,Austria,113.36
802,25/08/2021,35,Netherlands,112.53
950,27/08/2021,35,Czechia,112.15
683,23/08/2021,35,Russian Federation,112.15
704,24/08/2021,35,Austria,111.68
83,08/08/2021,33,Pakistan,110.86
1029,28/08/2021,35,Finland,110.86
705,24/08/2021,35,Belgium,110.85
375,19/08/2021,34,Slovenia,110.85
1268,31/08/2021,36,Italy,110.85
578,22/08/2021,35,Japan,109.91
1112,29/08/2021,36,Ecuador,109.91
337,19/08/2021,34,Guatemala,109.91
1114,29/08/2021,36,Finland,109.33
783,25/08/2021,35,Finland,109.33
330,19/08/2021,34,Egypt,109.17
820,25/08/2021,35,South Africa,109.17
1092,29/08/2021,36,Bahrain,109.17
98,09/08/2021,33,Poland,108.49000000000001
110,10/08/2021,33,Poland,108.49000000000001
37,04/08/2021,32,Poland,108.49000000000001
121,11/08/2021,33,Poland,108.49000000000001
84,08/08/2021,33,Poland,108.49000000000001
73,07/08/2021,32,Poland,108.49000000000001
135,12/08/2021,33,Poland,108.49000000000001
63,06/08/2021,32,Poland,108.49000000000001
50,05/08/2021,32,Poland,108.49000000000001
1084,28/08/2021,35,Uruguay,108.43
975,27/08/2021,35,Malta,108.33
286,18/08/2021,34,Argentina,107.69
202,15/08/2021,34,Morocco,107.65
652,23/08/2021,35,Hungary,107.29
275,17/08/2021,34,Guatemala,106.95
336,19/08/2021,34,Greece,106.02000000000001
858,26/08/2021,35,Côte d'Ivoire,105.81
914,26/08/2021,35,Serbia,105.19
1078,28/08/2021,35,Trinidad and Tobago,103.96
260,16/08/2021,34,Turkey,103.44
217,15/08/2021,34,Turkey,103.44
1025,28/08/2021,35,Denmark,102.42
625,23/08/2021,35,Aruba,101.24000000000001
815,25/08/2021,35,Puerto Rico,100.26
25,03/08/2021,32,Oman,100.0
880,26/08/2021,35,Jordan,99.52000000000001
928,26/08/2021,35,Virgin Islands (U.S.),99.52000000000001
1225,30/08/2021,36,Russian Federation,99.52000000000001
1182,30/08/2021,36,Ecuador,99.52000000000001
521,21/08/2021,34,Qatar,99.52000000000001
1049,28/08/2021,35,"Korea, Republic of",99.52000000000001
1155,29/08/2021,36,South Africa,99.52000000000001
731,24/08/2021,35,Israel,98.78
350,19/08/2021,34,Lebanon,98.78
960,27/08/2021,35,Honduras,98.78
1215,30/08/2021,36,Nigeria,98.78
726,24/08/2021,35,Hungary,98.78
1218,30/08/2021,36,Paraguay,98.78
568,22/08/2021,35,Honduras,98.78
352,19/08/2021,34,Malaysia,98.78
1192,30/08/2021,36,Honduras,98.78
795,25/08/2021,35,Japan,98.04
681,23/08/2021,35,Qatar,98.04
674,23/08/2021,35,Pakistan,98.04
789,25/08/2021,35,Guatemala,98.04
786,25/08/2021,35,Ghana,98.04
733,24/08/2021,35,Jamaica,98.04
1038,28/08/2021,35,Honduras,98.04
1264,31/08/2021,36,Guatemala,98.04
198,15/08/2021,34,Lebanon,98.04
277,17/08/2021,34,Mexico,98.04
572,22/08/2021,35,Indonesia,98.04
1107,29/08/2021,36,Curaçao,98.04
1259,31/08/2021,36,Egypt,97.29
1280,31/08/2021,36,Oman,96.5
233,16/08/2021,34,Costa Rica,95.81
1134,29/08/2021,36,Malta,94.9
536,21/08/2021,34,Uruguay,94.31
259,16/08/2021,34,Switzerland,94.06
832,25/08/2021,35,Venezuela (Bolivarian Republic of),93.57
561,22/08/2021,35,El Salvador,92.83
809,25/08/2021,35,Panama,90.91
929,26/08/2021,35,Zimbabwe,86.89
884,26/08/2021,35,Latvia,85.58
491,21/08/2021,34,Guatemala,85.4
1258,31/08/2021,36,Ecuador,84.66
604,22/08/2021,35,Singapore,84.66
434,20/08/2021,34,Netherlands,83.98
1179,30/08/2021,36,Cyprus,83.98
1091,29/08/2021,36,Austria,83.98
741,24/08/2021,35,Netherlands,83.97
566,22/08/2021,35,Greece,83.97
942,27/08/2021,35,Bulgaria,83.92
1202,30/08/2021,36,Kenya,83.92
1224,30/08/2021,36,Qatar,83.92
492,21/08/2021,34,Honduras,83.92
250,16/08/2021,34,Peru,83.18
253,16/08/2021,34,Puerto Rico,83.18
1217,30/08/2021,36,Panama,83.18
1065,28/08/2021,35,Philippines,83.18
205,15/08/2021,34,Peru,83.18
1234,30/08/2021,36,Trinidad and Tobago,83.18
447,20/08/2021,34,Romania,82.86
230,16/08/2021,34,Chile,82.44
859,26/08/2021,35,Denmark,82.05
349,19/08/2021,34,Latvia,81.51
1033,28/08/2021,35,Greece,81.51
165,14/08/2021,33,Oman,79.47
896,26/08/2021,35,Netherlands,79.05
569,22/08/2021,35,Hungary,78.85
493,21/08/2021,34,Hungary,78.74000000000001
1228,30/08/2021,36,Slovenia,78.31
407,20/08/2021,34,Egypt,77.57000000000001
589,22/08/2021,35,Morocco,77.57000000000001
586,22/08/2021,35,Malta,77.27000000000001
824,25/08/2021,35,Switzerland,77.26
1193,30/08/2021,36,Hungary,76.73
1184,30/08/2021,36,Finland,76.73
818,25/08/2021,35,Singapore,75.75
462,20/08/2021,34,Uruguay,75.75
406,20/08/2021,34,Ecuador,75.01
1052,28/08/2021,35,Malaysia,75.01
1026,28/08/2021,35,Dominican Republic,75.01
780,25/08/2021,35,Denmark,75.01
755,24/08/2021,35,South Africa,75.01
1168,30/08/2021,36,Aruba,75.01
1008,27/08/2021,35,Uruguay,75.01
494,21/08/2021,34,Iceland,74.27000000000001
585,22/08/2021,35,Malaysia,74.27000000000001
366,19/08/2021,34,Philippines,74.27000000000001
482,21/08/2021,34,Curaçao,74.27000000000001
910,26/08/2021,35,Qatar,74.27000000000001
871,26/08/2021,35,Hong Kong,74.27000000000001
987,27/08/2021,35,Panama,74.27000000000001
888,26/08/2021,35,Malaysia,74.27000000000001
715,24/08/2021,35,Dominican Republic,74.27000000000001
390,20/08/2021,34,Aruba,74.27000000000001
782,25/08/2021,35,Egypt,74.27000000000001
514,21/08/2021,34,Panama,74.27000000000001
324,19/08/2021,34,Curaçao,74.27000000000001
904,26/08/2021,35,Paraguay,74.27000000000001
1061,28/08/2021,35,Pakistan,74.27000000000001
737,24/08/2021,35,Kuwait,74.27000000000001
506,21/08/2021,34,Malaysia,74.27000000000001
968,27/08/2021,35,Japan,73.53
954,27/08/2021,35,Egypt,73.53
927,26/08/2021,35,Venezuela (Bolivarian Republic of),73.53
426,20/08/2021,34,Kuwait,73.53
193,15/08/2021,34,Israel,73.53
348,19/08/2021,34,Kuwait,73.53
186,15/08/2021,34,Dominican Republic,73.53
797,25/08/2021,35,Kuwait,73.53
187,15/08/2021,34,Ecuador,73.53
548,22/08/2021,35,Cambodia,73.53
232,16/08/2021,34,Colombia,73.53
801,25/08/2021,35,Morocco,73.53
306,19/08/2021,34,Argentina,73.53
661,23/08/2021,35,Jordan,73.53
1151,29/08/2021,36,Russian Federation,73.53
386,19/08/2021,34,Venezuela (Bolivarian Republic of),73.53
223,15/08/2021,34,Venezuela (Bolivarian Republic of),73.53
428,20/08/2021,34,Lebanon,73.53
185,15/08/2021,34,Denmark,72.13
1165,29/08/2021,36,Uruguay,72.04
1041,28/08/2021,35,Iceland,71.91
13,02/08/2021,32,Germany,71.43
1073,28/08/2021,35,Singapore,69.8
804,25/08/2021,35,Nicaragua,69.06
993,27/08/2021,35,Qatar,69.05999999999999
452,20/08/2021,34,Slovenia,68.86
1017,28/08/2021,35,Bolivia (Plurinational State of),68.32
833,26/08/2021,35,Andorra,67.18
889,26/08/2021,35,Malta,67.18
1222,30/08/2021,36,Portugal,67.18
951,27/08/2021,35,Côte d'Ivoire,66.34
638,23/08/2021,35,Côte d'Ivoire,66.34
778,25/08/2021,35,Cyprus,64.67
828,25/08/2021,35,United Arab Emirates,63.870000000000005
1053,28/08/2021,35,Malta,63.449999999999996
1257,31/08/2021,36,Dominican Republic,63.13
753,24/08/2021,35,Singapore,63.13
351,19/08/2021,34,Lithuania,62.61
281,17/08/2021,34,Puerto Rico,62.39
248,16/08/2021,34,New Zealand,61.87
543,22/08/2021,35,Azerbaijan,60.3
1201,30/08/2021,36,Jordan,60.15
1186,30/08/2021,36,Georgia,60.15
842,26/08/2021,35,Bolivia (Plurinational State of),59.410000000000004
558,22/08/2021,35,Dominican Republic,59.410000000000004
1069,28/08/2021,35,Qatar,59.41
405,20/08/2021,34,Dominican Republic,59.41
983,27/08/2021,35,North Macedonia,59.41
736,24/08/2021,35,"Korea, Republic of",58.67
1172,30/08/2021,36,Bolivia (Plurinational State of),58.67
554,22/08/2021,35,Croatia,58.67
106,10/08/2021,33,Canada,58.11
958,27/08/2021,35,Greece,57.78
1117,29/08/2021,36,Greece,57.78
1291,31/08/2021,36,Turkey,57.1
1113,29/08/2021,36,Estonia,56.27
886,26/08/2021,35,Luxembourg,56.27
432,20/08/2021,34,Malta,56.27
430,20/08/2021,34,Luxembourg,56.27
1286,31/08/2021,36,Serbia,56.27
1070,28/08/2021,35,Romania,56.27
486,21/08/2021,34,Estonia,56.27
749,24/08/2021,35,Portugal,56.27
1056,28/08/2021,35,Netherlands,56.27
814,25/08/2021,35,Portugal,56.260000000000005
1263,31/08/2021,36,Greece,55.43
685,23/08/2021,35,Serbia,55.43
510,21/08/2021,34,Netherlands,55.43
451,20/08/2021,34,Slovakia,55.43
267,17/08/2021,34,Austria,55.43
1256,31/08/2021,36,Denmark,55.43
226,16/08/2021,34,Belgium,55.43
996,27/08/2021,35,Serbia,55.43
1276,31/08/2021,36,Netherlands,55.42
788,25/08/2021,35,Greece,55.42
207,15/08/2021,34,Portugal,55.42
771,25/08/2021,35,Belgium,53.49
1097,29/08/2021,36,Bosnia and Herzegovina,53.06
1212,30/08/2021,36,Netherlands,53.06
487,21/08/2021,34,Finland,53.06
622,23/08/2021,35,Albania,52.96
1180,30/08/2021,36,Denmark,52.96
177,15/08/2021,34,Brazil,52.22
247,16/08/2021,34,Morocco,52.22
1290,31/08/2021,36,Switzerland,52.07000000000001
653,23/08/2021,35,Iceland,51.25
810,25/08/2021,35,Paraguay,50.5
745,24/08/2021,35,Pakistan,50.5
1086,28/08/2021,35,Virgin Islands (U.S.),49.760000000000005
310,19/08/2021,34,Barbados,49.760000000000005
662,23/08/2021,35,Kenya,49.760000000000005
671,23/08/2021,35,Nigeria,49.760000000000005
1157,29/08/2021,36,Sri Lanka,49.760000000000005
414,20/08/2021,34,Guatemala,49.760000000000005
985,27/08/2021,35,Oman,49.760000000000005
1240,30/08/2021,36,Uruguay,49.760000000000005
807,25/08/2021,35,Oman,49.760000000000005
682,23/08/2021,35,Romania,49.760000000000005
787,25/08/2021,35,Gibraltar,49.760000000000005
768,25/08/2021,35,Aruba,49.760000000000005
656,23/08/2021,35,Iraq,49.760000000000005
1089,29/08/2021,36,Aruba,49.760000000000005
757,24/08/2021,35,Sri Lanka,49.760000000000005
1048,28/08/2021,35,Jordan,49.760000000000005
1207,30/08/2021,36,Malaysia,49.760000000000005
1211,30/08/2021,36,Morocco,49.760000000000005
693,23/08/2021,35,Trinidad and Tobago,49.760000000000005
422,20/08/2021,34,Jamaica,49.760000000000005
1227,30/08/2021,36,Singapore,49.760000000000005
700,23/08/2021,35,Virgin Islands (U.S.),49.760000000000005
1144,29/08/2021,36,Panama,49.760000000000005
423,20/08/2021,34,Japan,49.760000000000005
849,26/08/2021,35,Cayman Islands,49.760000000000005
887,26/08/2021,35,Macao,49.760000000000005
501,21/08/2021,34,Kenya,49.760000000000005
1283,31/08/2021,36,Puerto Rico,49.760000000000005
577,22/08/2021,35,Jamaica,49.760000000000005
1095,29/08/2021,36,Belize,49.760000000000005
573,22/08/2021,35,Iraq,49.760000000000005
620,22/08/2021,35,Zambia,49.760000000000005
504,21/08/2021,34,Lebanon,49.760000000000005
1109,29/08/2021,36,Czechia,49.760000000000005
899,26/08/2021,35,Nigeria,49.760000000000005
892,26/08/2021,35,Mongolia,49.760000000000005
1023,28/08/2021,35,Curaçao,49.760000000000005
513,21/08/2021,34,"Palestine, State of",49.760000000000005
1130,29/08/2021,36,Kuwait,49.760000000000005
1255,31/08/2021,36,Curaçao,49.760000000000005
1260,31/08/2021,36,Estonia,49.760000000000005
567,22/08/2021,35,Guatemala,49.760000000000005
338,19/08/2021,34,Honduras,49.760000000000005
1040,28/08/2021,35,Hungary,49.02
437,20/08/2021,34,Nigeria,49.02
1242,30/08/2021,36,Zimbabwe,49.02
172,15/08/2021,34,Argentina,49.02
1047,28/08/2021,35,Japan,49.02
410,20/08/2021,34,Finland,49.02
1272,31/08/2021,36,Malaysia,49.02
1254,31/08/2021,36,Costa Rica,49.02
442,20/08/2021,34,Philippines,49.02
1269,31/08/2021,36,Kuwait,49.02
1060,28/08/2021,35,Oman,49.02
176,15/08/2021,34,Bolivia (Plurinational State of),49.02
1210,30/08/2021,36,Mongolia,49.02
211,15/08/2021,34,Saudi Arabia,49.02
1093,29/08/2021,36,Barbados,49.02
1100,29/08/2021,36,Brunei Darussalam,49.02
1101,29/08/2021,36,Bulgaria,49.02
466,21/08/2021,34,Anguilla,49.02
1119,29/08/2021,36,Hungary,49.02
1120,29/08/2021,36,Iceland,49.02
465,20/08/2021,34,Zimbabwe,49.02
472,21/08/2021,34,Bahrain,49.02
200,15/08/2021,34,Malaysia,49.02
1127,29/08/2021,36,Japan,49.02
464,20/08/2021,34,Virgin Islands (U.S.),49.02
1137,29/08/2021,36,Nepal,49.02
197,15/08/2021,34,Kuwait,49.02
1145,29/08/2021,36,Paraguay,49.02
195,15/08/2021,34,Japan,49.02
1153,29/08/2021,36,Singapore,49.02
475,21/08/2021,34,Bosnia and Herzegovina,49.02
415,20/08/2021,34,Honduras,49.02
1062,28/08/2021,35,Panama,49.02
1188,30/08/2021,36,Ghana,49.02
1189,30/08/2021,36,Guam,49.02
1198,30/08/2021,36,Israel,49.02
1034,28/08/2021,35,Guam,49.02
587,22/08/2021,35,Mauritius,49.02
1032,28/08/2021,35,Ghana,49.02
943,27/08/2021,35,Cambodia,49.02
312,19/08/2021,34,Bolivia (Plurinational State of),49.02
772,25/08/2021,35,Bolivia (Plurinational State of),49.02
540,22/08/2021,35,Aruba,49.02
538,21/08/2021,34,Virgin Islands (U.S.),49.02
307,19/08/2021,34,Aruba,49.02
222,15/08/2021,34,Uruguay,49.02
397,20/08/2021,34,Cambodia,49.02
290,18/08/2021,34,Costa Rica,49.02
839,26/08/2021,35,Bahrain,49.02
840,26/08/2021,35,Barbados,49.02
845,26/08/2021,35,Brunei Darussalam,49.02
846,26/08/2021,35,Bulgaria,49.02
847,26/08/2021,35,Cambodia,49.02
517,21/08/2021,34,Philippines,49.02
857,26/08/2021,35,Czechia,49.02
873,26/08/2021,35,Iceland,49.02
890,26/08/2021,35,Mauritius,49.02
895,26/08/2021,35,Nepal,49.02
906,26/08/2021,35,Philippines,49.02
262,16/08/2021,34,United Arab Emirates,49.02
503,21/08/2021,34,Kuwait,49.02
932,27/08/2021,35,Aruba,49.02
935,27/08/2021,35,Bahrain,49.02
313,19/08/2021,34,Bosnia and Herzegovina,49.02
766,24/08/2021,35,Venezuela (Bolivarian Republic of),49.02
315,19/08/2021,34,Cambodia,49.02
388,19/08/2021,34,Zimbabwe,49.02
380,19/08/2021,34,Trinidad and Tobago,49.02
595,22/08/2021,35,Philippines,49.02
618,22/08/2021,35,Venezuela (Bolivarian Republic of),49.02
621,22/08/2021,35,Zimbabwe,49.02
637,23/08/2021,35,Czechia,49.02
643,23/08/2021,35,Egypt,49.02
359,19/08/2021,34,Nigeria,49.02
651,23/08/2021,35,Honduras,49.02
655,23/08/2021,35,Indonesia,49.02
673,23/08/2021,35,Oman,49.02
555,22/08/2021,35,Curaçao,49.02
544,22/08/2021,35,Bahamas,49.02
713,24/08/2021,35,Croatia,49.02
727,24/08/2021,35,India,49.02
728,24/08/2021,35,Indonesia,49.02
729,24/08/2021,35,Iraq,49.02
740,24/08/2021,35,Morocco,49.02
743,24/08/2021,35,Nicaragua,49.02
746,24/08/2021,35,"Palestine, State of",49.02
546,22/08/2021,35,Bosnia and Herzegovina,49.02
320,19/08/2021,34,China,49.02
750,24/08/2021,35,Puerto Rico,49.02
936,27/08/2021,35,Barbados,49.02
941,27/08/2021,35,Brunei Darussalam,49.02
976,27/08/2021,35,Mauritius,49.02
997,27/08/2021,35,Singapore,49.02
1011,27/08/2021,35,Virgin Islands (U.S.),49.02
1009,27/08/2021,35,Venezuela (Bolivarian Republic of),49.02
988,27/08/2021,35,Paraguay,49.02
490,21/08/2021,34,Greece,49.02
962,27/08/2021,35,Iceland,49.02
979,27/08/2021,35,Nepal,49.02
496,21/08/2021,34,Indonesia,49.02
235,16/08/2021,34,Dominican Republic,49.02
6,01/08/2021,32,Slovakia,48.95
1194,30/08/2021,36,Iceland,48.32
429,20/08/2021,34,Lithuania,47.62
234,16/08/2021,34,Denmark,47.62
85,08/08/2021,33,Slovakia,45.4
1122,29/08/2021,36,Indonesia,44.11
409,20/08/2021,34,Estonia,41.99
562,22/08/2021,35,Estonia,41.99
147,13/08/2021,33,Lithuania,40.31
1067,28/08/2021,35,Portugal,39.470000000000006
949,27/08/2021,35,Cyprus,38.63
930,27/08/2021,35,Andorra,38.63
623,23/08/2021,35,Andorra,38.63
1108,29/08/2021,36,Cyprus,38.63
273,17/08/2021,34,France,38.63
647,23/08/2021,35,Georgia,38.62
1191,30/08/2021,36,Guinea,38.33
1036,28/08/2021,35,Guinea,38.33
798,25/08/2021,35,Luxembourg,36.94
1271,31/08/2021,36,Luxembourg,36.94
570,22/08/2021,35,Iceland,36.8
162,14/08/2021,33,Italy,36.11
163,14/08/2021,33,Lithuania,35.65
793,25/08/2021,35,Israel,34.9
1150,29/08/2021,36,Qatar,34.9
1278,31/08/2021,36,Nicaragua,34.9
505,21/08/2021,34,Lithuania,34.9
600,22/08/2021,35,Romania,34.9
1088,29/08/2021,36,Armenia,34.9
305,19/08/2021,34,Albania,34.9
611,22/08/2021,35,Trinidad and Tobago,34.9
1012,28/08/2021,35,Andorra,34.9
394,20/08/2021,34,Bermuda,34.9
467,21/08/2021,34,Antigua and Barbuda,34.9
640,23/08/2021,35,Dominica,34.9
608,22/08/2021,35,Sri Lanka,34.9
537,21/08/2021,34,Venezuela (Bolivarian Republic of),34.16
660,23/08/2021,35,Jamaica,34.16
870,26/08/2021,35,Honduras,34.16
1220,30/08/2021,36,Philippines,34.16
1284,31/08/2021,36,Russian Federation,34.16
644,23/08/2021,35,El Salvador,34.16
408,20/08/2021,34,El Salvador,34.16
485,21/08/2021,34,El Salvador,34.16
58,06/08/2021,32,Canada,33.6
16,02/08/2021,32,Poland,32.95
3,01/08/2021,32,Poland,32.95
26,03/08/2021,32,Poland,32.95
1143,29/08/2021,36,Oman,31.0
982,27/08/2021,35,Nigeria,30.07
530,21/08/2021,34,Tunisia,30.0
416,20/08/2021,34,Hungary,29.83
323,19/08/2021,34,Croatia,28.55
819,25/08/2021,35,Slovenia,28.55
1245,31/08/2021,36,Austria,28.55
668,23/08/2021,35,Morocco,28.55
799,25/08/2021,35,Malta,28.55
679,23/08/2021,35,Portugal,28.55
1274,31/08/2021,36,"Moldova, Republic of",28.55
853,26/08/2021,35,"Congo, Democratic Republic of the",28.55
340,19/08/2021,34,Iceland,28.55
912,26/08/2021,35,Saint Vincent and the Grenadines,28.55
316,19/08/2021,34,Cameroon,28.55
605,22/08/2021,35,Slovakia,28.55
893,26/08/2021,35,Montenegro,28.55
1205,30/08/2021,36,Latvia,28.55
1024,28/08/2021,35,Cyprus,28.55
1138,29/08/2021,36,Netherlands,27.87
236,16/08/2021,34,Finland,27.71
738,24/08/2021,35,Lithuania,27.71
556,22/08/2021,35,Cyprus,27.71
583,22/08/2021,35,Latvia,27.71
229,16/08/2021,34,Cayman Islands,27.71
179,15/08/2021,34,Cayman Islands,27.71
325,19/08/2021,34,Cyprus,27.71
1248,31/08/2021,36,Belgium,27.71
252,16/08/2021,34,Portugal,27.71
213,15/08/2021,34,Slovenia,27.71
256,16/08/2021,34,Slovenia,27.71
413,20/08/2021,34,Greece,27.71
188,15/08/2021,34,Finland,27.71
427,20/08/2021,34,Latvia,27.71
403,20/08/2021,34,Cyprus,27.71
507,21/08/2021,34,Malta,27.71
199,15/08/2021,34,Lithuania,27.71
244,16/08/2021,34,Lithuania,27.71
245,16/08/2021,34,Luxembourg,27.71
708,24/08/2021,35,Brunei Darussalam,25.25
866,26/08/2021,35,Gabon,25.25
345,19/08/2021,34,Japan,25.25
331,19/08/2021,34,El Salvador,25.25
676,23/08/2021,35,Paraguay,25.25
718,24/08/2021,35,El Salvador,25.25
723,24/08/2021,35,Guatemala,25.25
1246,31/08/2021,36,Bahrain,25.25
1249,31/08/2021,36,Brazil,25.25
358,19/08/2021,34,Nicaragua,25.25
1251,31/08/2021,36,Cayman Islands,25.25
1043,28/08/2021,35,Indonesia,25.25
734,24/08/2021,35,Japan,25.25
879,26/08/2021,35,Japan,25.25
436,20/08/2021,34,Nicaragua,25.25
362,19/08/2021,34,Pakistan,25.25
1039,28/08/2021,35,Hong Kong,25.25
619,22/08/2021,35,Virgin Islands (U.S.),25.25
1098,29/08/2021,36,Botswana,25.25
1287,31/08/2021,36,South Africa,25.25
948,27/08/2021,35,Curaçao,25.25
1037,28/08/2021,35,Guyana,25.25
1085,28/08/2021,35,Venezuela (Bolivarian Republic of),25.25
724,24/08/2021,35,Haiti,25.25
529,21/08/2021,34,Trinidad and Tobago,25.25
805,25/08/2021,35,North Macedonia,25.25
825,25/08/2021,35,Trinidad and Tobago,25.25
1196,30/08/2021,36,Indonesia,25.25
318,19/08/2021,34,Cayman Islands,25.25
998,27/08/2021,35,Somalia,25.25
1058,28/08/2021,35,Nigeria,25.25
1063,28/08/2021,35,Papua New Guinea,25.25
822,25/08/2021,35,Sri Lanka,25.25
1208,30/08/2021,36,Mauritius,25.25
790,25/08/2021,35,Haiti,25.25
580,22/08/2021,35,Kenya,24.51
240,16/08/2021,34,Israel,24.51
635,23/08/2021,35,Croatia,24.51
509,21/08/2021,34,Mongolia,24.51
894,26/08/2021,35,Morocco,24.51
639,23/08/2021,35,Denmark,24.51
881,26/08/2021,35,Kenya,24.51
271,17/08/2021,34,Colombia,24.51
900,26/08/2021,35,North Macedonia,24.51
481,21/08/2021,34,Croatia,24.51
299,18/08/2021,34,Puerto Rico,24.51
939,27/08/2021,35,Bosnia and Herzegovina,24.51
224,16/08/2021,34,Argentina,24.51
735,24/08/2021,35,Jordan,24.51
770,25/08/2021,35,Austria,24.51
424,20/08/2021,34,Jordan,24.51
395,20/08/2021,34,Bolivia (Plurinational State of),24.51
184,15/08/2021,34,Croatia,24.51
268,17/08/2021,34,Bolivia (Plurinational State of),24.51
364,19/08/2021,34,Paraguay,24.51
183,15/08/2021,34,Costa Rica,24.51
500,21/08/2021,34,Jordan,24.51
1102,29/08/2021,36,Cambodia,24.51
1028,28/08/2021,35,Egypt,24.51
774,25/08/2021,35,Cambodia,24.51
209,15/08/2021,34,Qatar,24.51
243,16/08/2021,34,"Korea, Republic of",24.51
417,20/08/2021,34,Iceland,24.51
255,16/08/2021,34,Singapore,24.51
1096,29/08/2021,36,Bolivia (Plurinational State of),24.51
212,15/08/2021,34,Singapore,24.51
843,26/08/2021,35,Bosnia and Herzegovina,24.51
191,15/08/2021,34,Hungary,24.51
1173,30/08/2021,36,Bosnia and Herzegovina,24.51
400,20/08/2021,34,China,24.51
851,26/08/2021,35,China,24.51
714,24/08/2021,35,Denmark,24.51
1136,29/08/2021,36,Morocco,24.51
1141,29/08/2021,36,North Macedonia,24.51
551,22/08/2021,35,China,24.51
175,15/08/2021,34,Bermuda,24.51
978,27/08/2021,35,Morocco,24.51
231,16/08/2021,34,China,24.51
862,26/08/2021,35,Egypt,24.51
1010,27/08/2021,35,Viet Nam,24.51
692,23/08/2021,35,"Tanzania, United Republic of",24.51
855,26/08/2021,35,Croatia,24.51
463,20/08/2021,34,Venezuela (Bolivarian Republic of),24.51
1154,29/08/2021,36,Somalia,24.51
1214,30/08/2021,36,Nicaragua,24.51
1241,30/08/2021,36,Virgin Islands (U.S.),24.51
1128,29/08/2021,36,Kenya,24.51
751,24/08/2021,35,Russian Federation,24.51
181,15/08/2021,34,China,24.51
1131,29/08/2021,36,Lao People's Democratic Republic,24.51
1140,29/08/2021,36,Nicaragua,24.51
346,19/08/2021,34,Jordan,24.51
970,27/08/2021,35,Kenya,24.51
969,27/08/2021,35,Jordan,24.51
74,07/08/2021,32,Sweden,22.380000000000003
94,09/08/2021,33,Canada,20.0
101,09/08/2021,33,Sweden,19.03
18,02/08/2021,32,Sweden,18.060000000000002
666,23/08/2021,35,Lithuania,15.59
87,08/08/2021,33,Sweden,13.58
38,04/08/2021,32,Sweden,13.56
64,06/08/2021,32,Sweden,12.190000000000001
146,13/08/2021,33,Italy,10.0
51,05/08/2021,32,Sweden,7.85
439,20/08/2021,34,Oman,6.12
112,10/08/2021,33,Sweden,5.25
47,05/08/2021,32,Lithuania,1.68
701,24/08/2021,35,Albania,1.68
27,03/08/2021,32,Sweden,1.26
45,05/08/2021,32,Germany,0.84
80,08/08/2021,33,Germany,0.84
7,01/08/2021,32,Sweden,0.16
